"type";"moy";"sd";"median";"q025";"q975";"model"
"r2m";0.392005;0.0150662760583837;0.39;0.36;0.42;"allW"
"r2c";0.392005;0.0150662760583837;0.39;0.36;0.42;"allW"
