"type";"moy";"sd";"median";"q025";"q975";"model"
"r2m";0.392006;0.0150658110258355;0.39;0.36;0.42;"allW"
"r2c";0.392006;0.0150658110258355;0.39;0.36;0.42;"allW"
