"type";"moy";"sd";"median";"q025";"q975";"model"
"r2m";0.467265;0.0168403721696844;0.47;0.44;0.5;"CE"
"r2c";0.467265;0.0168403721696844;0.47;0.44;0.5;"CE"
