"type";"moy";"sd";"median";"q025";"q975";"model"
"r2m";0.091927;0.0163188020801201;0.09;0.06;0.13;"LE"
"r2c";0.091927;0.0163188020801201;0.09;0.06;0.13;"LE"
