"type";"moy";"sd";"median";"q025";"q975";"model"
"r2m";0.35226;0.0616409957839434;0.35;0.25;0.48;"TE"
"r2c";0.35226;0.0616409957839434;0.35;0.25;0.48;"TE"
