"type";"moy";"sd";"median";"q025";"q975";"model"
"r2m";0.089779;0.0157253263110423;0.09;0.06;0.12;"LE"
"r2c";0.089779;0.0157253263110423;0.09;0.06;0.12;"LE"
