"type";"moy";"sd";"median";"q025";"q975";"model"
"r2m";0.391859;0.0148396812841133;0.39;0.36;0.42;"allW"
"r2c";0.391859;0.0148396812841133;0.39;0.36;0.42;"allW"
