"type";"moy";"sd";"median";"q025";"q975";"model"
"r2m";0.350626;0.0608373096202008;0.35;0.24;0.48;"TE"
"r2c";0.350627;0.0608385322283532;0.35;0.24;0.48;"TE"
